{
    "pos_error": 0.0899249841856295,
    "speed_error": 0.12393154647204681,
    "angle_error": 0.11053235771263518,
    "diversity": 0.23444968461990356,
    "realism_score": 0.9868231737282331,
    "start_boundary_error": 0.13117711050561273,
    "end_boundary_error": 0.4459458280498579,
    "fid": 1.3913725423882153
}